-- There are three datasets in this sql file: 
-- InfoRecyclables: Items to recycles with whether it is recyclable or nonrecyclable
-- InfoRecyclableTips: Items to recycle with advices on actions for recyclables and nonrecyclables
-- InfoStats: Statistics on recycling from 2017 to 2022

-- Resources:
-- InfoRecyclables: https://www.towardszerowaste.gov.sg/recycle/what-to-recycle/
-- InfoRecyclableTips: https://www.nea.gov.sg/docs/default-source/our-services/waste-management/list-of-items-that-are-recyclable-and-not.pdf
-- InfoStats: https://www.nea.gov.sg/our-services/waste-management/waste-statistics-and-overall-recycling


--
-- Host: MariaDB
-- Database: bloobin
--

-- --------------------------------------------------------

--
-- Table structure for table InfoRecyclables
--

CREATE TABLE IF NOT EXISTS InfoRecyclables (
  ItemID INT(3) PRIMARY KEY NOT NULL,
  ItemType VARCHAR(7) DEFAULT NULL,
  Item VARCHAR(97) DEFAULT NULL,
  Recycle ENUM('YES','NO','MAYBE','') DEFAULT NULL,
  Remarks VARCHAR(566) DEFAULT NULL,
  INDEX Idx_Type (ItemType),
  INDEX Idx_Item (Item)
);

--
-- Dumping data for table InfoRecyclables
--

INSERT INTO InfoRecyclables (ItemID, ItemType, Item, Recycle, Remarks) VALUES
(1, 'Paper', 'Printed paper (Glossy and non-glossy)', 'YES', ''),
(2, 'Paper', 'Writing paper', 'YES', ''),
(3, 'Paper', 'Newspaper', 'YES', ''),
(4, 'Paper', 'Flyer (Glossy and non-glossy)', 'YES', ''),
(5, 'Paper', 'Brochure (Glossy and non-glossy)', 'YES', ''),
(6, 'Paper', 'Magazine (Glossy and non-glossy)', 'YES', ''),
(7, 'Paper', 'Book / Textbook', 'YES', 'Donate if it is in good condition'),
(8, 'Paper', 'Telephone directory', 'YES', ''),
(9, 'Paper', 'Envelope (With and without plastic window)', 'YES', ''),
(10, 'Paper', 'Red packet', 'YES', ''),
(11, 'Paper', 'Namecard', 'YES', ''),
(12, 'Paper', 'Calendar', 'YES', ''),
(13, 'Paper', 'Greeting card', 'YES', ''),
(14, 'Paper', 'Gift wrapping paper', 'YES', ''),
(15, 'Paper', 'Shredded paper', 'YES', ''),
(16, 'Paper', 'Paper receipt', 'YES', ''),
(17, 'Paper', 'Carton box', 'YES', 'Please flatten'),
(18, 'Paper', 'Cardboard box', 'YES', 'Please flatten'),
(19, 'Paper', 'Paper packaging', 'YES', 'Please flatten'),
(20, 'Paper', 'Printed paper box', 'YES', 'Please flatten'),
(21, 'Paper', 'Paper Box', 'YES', 'Please flatten'),
(22, 'Paper', 'Egg tray', 'YES', ''),
(23, 'Paper', 'Beverage carton (e.g. milk, juice and drink packet)', 'YES', 'Please empty and rinse when necessary. Please flatten'),
(24, 'Paper', 'Paper towel and toilet roll tube', 'YES', ''),
(25, 'Paper', 'Tissue box', 'YES', 'Please flatten'),
(26, 'Paper', 'Paper bag', 'YES', ''),
(27, 'Paper', 'Paper disposables: Paper cup', 'NO', 'Dispose as general waste'),
(28, 'Paper', 'Paper disposables: Paper plate', 'NO', 'Dispose as general waste'),
(29, 'Paper', 'Paper disposables: Glitter paper', 'NO', 'Dispose as general waste'),
(30, 'Paper', 'Paper disposables: Crayon drawing', 'NO', 'Dispose as general waste'),
(31, 'Paper', 'Tissue paper', 'NO', 'Dispose as general waste'),
(32, 'Paper', 'Paper towel', 'NO', 'Dispose as general waste'),
(33, 'Paper', 'Toilet paper', 'NO', 'Dispose as general waste'),
(34, 'Paper', 'Disposable wooden chopstick', 'NO', 'Dispose as general waste'),
(35, 'Paper', 'Wooden chopsticks', 'NO', 'Dispose as general waste'),
(36, 'Paper', 'Pizza boxes', 'NO', 'Dispose as general waste'),
(37, 'Paper', 'Wax paper', 'NO', 'Dispose as general waste'),
(38, 'Paper', 'Paper packaging that are contaminated with food (eg pizza box, paper bag for pastries)', 'NO', 'Dispose as general waste'),
(39, 'Plastic', 'Plastic bottle/container - Food or Beverage', 'YES', 'Please empty and rinse when necessary'),
(40, 'Plastic', ' Mineral water bottle', 'YES', 'Please empty and rinse when necessary'),
(41, 'Plastic', 'Soft drink bottle', 'YES', 'Please empty and rinse when necessary'),
(42, 'Plastic', 'Carbonated drink bottle', 'YES', 'Please empty and rinse when necessary'),
(43, 'Plastic', 'Milk bottle', 'YES', 'Please empty and rinse when necessary'),
(44, 'Plastic', 'Water bottle', 'YES', 'Please empty and rinse when necessary'),
(45, 'Plastic', 'Medicine bottle', 'YES', 'Please empty and rinse when necessary'),
(46, 'Plastic', 'Plastic bottle/container - Non-food ', 'YES', 'Please empty and rinse when necessary'),
(47, 'Plastic', 'Shampoo', 'YES', 'Please empty and rinse when necessary'),
(48, 'Plastic', 'Bodywash', 'YES', 'Please empty and rinse when necessary'),
(49, 'Plastic', 'Facial cleanser', 'YES', 'Please empty and rinse when necessary'),
(50, 'Plastic', 'Detergent', 'YES', 'Please empty and rinse when necessary'),
(51, 'Plastic', 'Soap', 'YES', 'Please empty and rinse when necessary'),
(52, 'Plastic', 'CD/DVD casing', 'YES', ''),
(53, 'Plastic', 'CD/DVC casing', 'YES', ''),
(54, 'Plastic', 'Plastic bag', 'YES', ''),
(55, 'Plastic', 'Toilet paper packaging', 'YES', ''),
(56, 'Plastic', 'Tissue box packaging', 'YES', ''),
(57, 'Plastic', 'Plastic film: Magazine wrapper', 'YES', ''),
(58, 'Plastic', 'Plastic film: Plastic packaging for packet drinks', 'YES', ''),
(59, 'Plastic', 'Plastic film: Bubble wrap', 'YES', ''),
(60, 'Plastic', 'Plastic film: Fruit box', 'YES', ''),
(61, 'Plastic', 'Plastic film: Ziplock bag', 'YES', ''),
(62, 'Plastic', 'Plastic packaging', 'YES', 'Please empty contents'),
(63, 'Plastic', 'Bread bag', 'YES', 'Please empty contents'),
(64, 'Plastic', 'Egg trays', 'YES', 'Please empty contents'),
(65, 'Plastic', 'Plastic clothes hanger', 'YES', ''),
(66, 'Plastic', 'Plastic takeaway food container', 'YES', ''),
(67, 'Plastic', 'Plastic cups', 'YES', ''),
(68, 'Plastic', 'Bubble tea cups', 'YES', ''),
(69, 'Plastic', 'Polystyrene foam product (e.g. Styrofoam cup, clam shell container)', 'NO', 'Dispose as general waste'),
(70, 'Plastic', 'Plastic disposables - cutlery and crockery', 'NO', 'Dispose as general waste'),
(71, 'Plastic', 'Plastic packaging with foil (e.g. potato chip bags, empty blister pack, expired credit card etc.)', 'NO', 'Dispose as general waste'),
(72, 'Plastic', 'Oxo-degradable bags', 'NO', 'Dispose as general waste'),
(73, 'Plastic', 'Bio-degradable bags', 'NO', 'Dispose as general waste'),
(74, 'Plastic', 'Drinking straw', 'NO', 'Dispose as general waste'),
(75, 'Plastic', 'Cassette and video tape', 'NO', 'Dispose as general waste'),
(76, 'Plastic', 'Plastic packaging contaminated with food / oil stains', 'NO', 'Dispose as general waste'),
(77, 'Plastic', 'Melamine products (e.g. Melamine cups, melamine plates etc)', 'NO', 'Dispose as general waste'),
(78, 'Glass', 'Beverage glass bottle (e.g. beer bottle, wine bottle, liquor bottle)', 'YES', 'Please empty and rinse when necessary'),
(79, 'Glass', 'Food glass bottle (e.g. sauce and condiment bottle, jam spread bottle, food jar etc)', 'YES', 'Please empty and rinse when necessary'),
(80, 'Glass', 'Cosmetic glass bottle', 'YES', 'Please empty and rinse when necessary'),
(81, 'Glass', 'Perfume glass bottle', 'YES', 'Please empty and rinse when necessary'),
(82, 'Glass', 'Medicine glass bottle', 'YES', 'Please empty and rinse when necessary'),
(83, 'Glass', 'Supplement glass bottle', 'YES', 'Please empty and rinse when necessary'),
(84, 'Glass', 'Glassware - Cup, plate, drinking glass, wine glass', 'YES', ''),
(85, 'Glass', 'Borosilicate glassware', 'NO', 'Dispose as general waste'),
(86, 'Glass', 'Pyrex glassware', 'NO', 'Dispose as general waste'),
(87, 'Glass', 'Bakeware', 'NO', 'Dispose as general waste'),
(88, 'Glass', 'Tempered glass', 'NO', 'Dispose as general waste'),
(89, 'Glass', 'Over-safe food containers', 'NO', 'Dispose as general waste'),
(90, 'Glass', 'Crystal glass', 'NO', 'Dispose as general waste'),
(91, 'Glass', 'Glass with metal wires', 'NO', 'Dispose as general waste'),
(92, 'Glass', 'Windows', 'NO', 'Dispose as general waste'),
(93, 'Glass', 'Mirrors', 'NO', 'Donate if it is in good condition'),
(94, 'Glass', 'Ceramic product (e.g. ceramic plate, tea pot, porcelain etc)', 'NO', 'Donate if it is in good condition'),
(95, 'Glass', 'Light bulb / tube', 'MAYBE', 'Can be recycled at specific collection points'),
(96, 'Glass', 'Lamp', 'MAYBE', 'Can be recycled at specific collection points'),
(97, 'Glass', 'Incandescent lamp / bulb', 'MAYBE', 'Can be recycled at specific collection points'),
(98, 'Glass', 'Fluorescent lamp / bulb', 'MAYBE', 'Can be recycled at specific collection points'),
(99, 'Glass', 'LED lamp / LED bulb)', 'MAYBE', 'Can be recycled at specific collection points'),
(100, 'Metal', 'Beverage metal can (e.g. carbonated drink can, soft drink can, beer can, etc)', 'YES', 'Please empty and rinse when necessary. Rusted metals should be disposed as general waste.'),
(101, 'Metal', 'Food metal can (e.g. biscuit and food tin, metal container etc)', 'YES', 'Please empty and rinse when necessary. Rusted metals should be disposed as general waste.'),
(102, 'Metal', 'Medals', 'YES', 'Rusted metals should be disposed as general waste.'),
(103, 'Metal', 'Metal bottle cap', 'YES', 'Rusted metals should be disposed as general waste.'),
(104, 'Metal', 'Aerosol can', 'YES', 'Please empty contents before recycling.'),
(105, 'Metal', 'Clean aluminium tray and foil', 'YES', 'Please rinse when necessary'),
(106, 'Metal', 'Non-food Metal Container (e.g. paint container, paint cans etc)', 'YES', 'Please empty contents before recycling. Rusted metals should be disposed as general waste.'),
(107, 'Metal', 'Rusty metal cans', 'NO', 'Dispose as general waste.'),
(108, 'Metal', 'Dirty aluminium foil / tray', 'NO', 'Dispose as general waste.'),
(109, 'Metal', 'Metal cutlery', 'NO', 'Make sure that they are completely metal.'),
(110, 'Metal', 'Steel wool', 'NO', 'Make sure that they are completely metal.'),
(111, 'Metal', 'Metal accessories', 'NO', 'Make sure that they are completely metal.'),
(112, 'Others', 'ICT Equipment: Desktop computer', 'YES', 'Can be recycled at e-waste collection points here.'),
(113, 'Others', 'ICT Equipment: Laptop', 'YES', 'Can be recycled at e-waste collection points here.'),
(114, 'Others', 'ICT Equipment: Tablet computer', 'YES', 'Can be recycled at e-waste collection points here.'),
(115, 'Others', 'ICT Equipment: Mobile phone', 'YES', 'Can be recycled at e-waste collection points here.'),
(116, 'Others', 'ICT Equipment: Computer battery', 'YES', 'Can be recycled at e-waste collection points here.'),
(117, 'Others', 'ICT Equipment: Mobile phone battery', 'YES', 'Can be recycled at e-waste collection points here.'),
(118, 'Others', 'ICT Equipment: Printer', 'YES', 'Can be recycled at e-waste collection points here.'),
(119, 'Others', 'ICT Equipment: Modem', 'YES', 'Can be recycled at e-waste collection points here.'),
(120, 'Others', 'ICT Equipment: Router', 'YES', 'Can be recycled at e-waste collection points here.'),
(121, 'Others', 'ICT Equipment: Desktop monitor', 'YES', 'Can be recycled at e-waste collection points here.'),
(122, 'Others', 'ICT Equipment: Hard disk drive', 'YES', 'Can be recycled at e-waste collection points here.'),
(123, 'Others', 'ICT Equipment: Battery charger', 'YES', 'Can be recycled at e-waste collection points here.'),
(124, 'Others', 'ICT Equipment: Portable charger', 'YES', 'Can be recycled at e-waste collection points here.'),
(125, 'Others', 'ICT Equipment: Power bank', 'YES', 'Can be recycled at e-waste collection points here.'),
(126, 'Others', 'ICT Equipment: Electronic cables', 'YES', 'Can be recycled at e-waste collection points here.'),
(127, 'Others', 'ICT Equipment: Computer mouse', 'YES', 'Can be recycled at e-waste collection points here.'),
(128, 'Others', 'ICT Equipment: Keyboard', 'YES', 'Can be recycled at e-waste collection points here.'),
(129, '', 'Electronic waste (e.g. Used mobile phone, tablet, laptop etc)', 'YES', 'Can be recycled at e-waste collection points here.'),
(130, 'Others', 'Rechargable battery', 'YES', 'Can be recycled at e-waste collection points here.'),
(131, 'Others', 'Household battery', 'YES', 'Can be recycled at e-waste collection points here.'),
(132, 'Others', 'Alkaline battery', 'YES', 'Can be recycled at e-waste collection points here.'),
(133, 'Others', 'Refrigerator', 'YES', 'These can be recycled through: Retailer 1-for-1 Take-back / Bulky item removal service by TCs for HDB residents / E-waste collection drive (Quarterly) / Doorstep collection (fees may apply) / To find out where you can recycle your e-waste, visit here.'),
(134, 'Others', 'Washing Machine', 'YES', 'These can be recycled through: Retailer 1-for-1 Take-back / Bulky item removal service by TCs for HDB residents / E-waste collection drive (Quarterly) / Doorstep collection (fees may apply) / To find out where you can recycle your e-waste, visit here.'),
(135, 'Others', 'Dryer', 'YES', 'These can be recycled through: Retailer 1-for-1 Take-back / Bulky item removal service by TCs for HDB residents / E-waste collection drive (Quarterly) / Doorstep collection (fees may apply) / To find out where you can recycle your e-waste, visit here.'),
(136, 'Others', 'Television', 'YES', 'These can be recycled through: Retailer 1-for-1 Take-back / Bulky item removal service by TCs for HDB residents / E-waste collection drive (Quarterly) / Doorstep collection (fees may apply) / To find out where you can recycle your e-waste, visit here.'),
(137, 'Others', 'Air Conditioner', 'YES', 'These can be recycled through: Retailer 1-for-1 Take-back / Bulky item removal service by TCs for HDB residents / E-waste collection drive (Quarterly) / Doorstep collection (fees may apply) / To find out where you can recycle your e-waste, visit here.'),
(138, 'Others', 'Electric Mobility Devices: Personal mobility devices', '', 'These can be recycled through: Retailer 1-for-1 Take-back / Bulky item removal service by TCs for HDB residents / E-waste collection drive (Quarterly) / Doorstep collection (fees may apply) / To find out where you can recycle your e-waste, visit here.'),
(139, 'Others', 'Electric Mobility Devices: Electric scooter', '', 'These can be recycled through: Retailer 1-for-1 Take-back / Bulky item removal service by TCs for HDB residents / E-waste collection drive (Quarterly) / Doorstep collection (fees may apply) / To find out where you can recycle your e-waste, visit here.'),
(140, 'Others', 'Electric Mobility Devices: Electric bicycle', '', 'These can be recycled through: Retailer 1-for-1 Take-back / Bulky item removal service by TCs for HDB residents / E-waste collection drive (Quarterly) / Doorstep collection (fees may apply) / To find out where you can recycle your e-waste, visit here.'),
(141, 'Others', 'Electric Mobility Devices: Power-assisted bicycle', '', 'These can be recycled through: Retailer 1-for-1 Take-back / Bulky item removal service by TCs for HDB residents / E-waste collection drive (Quarterly) / Doorstep collection (fees may apply) / To find out where you can recycle your e-waste, visit here.'),
(142, 'Others', 'Electric Mobility Devices: Electric mobility scooter', '', 'These can be recycled through: Retailer 1-for-1 Take-back / Bulky item removal service by TCs for HDB residents / E-waste collection drive (Quarterly) / Doorstep collection (fees may apply) / To find out where you can recycle your e-waste, visit here.'),
(143, 'Others', 'Rice Cooker', 'YES', 'These e-waste items can be recycled through: E-waste bins (non-ALBA)* (items must fit the opening of bins) / Retailer 1-for-1 Take-back / Bulky item removal service by TCs for HDB residents (small items are not applicable) / - Cash-for-Trash stations organised by Public Waste Collectors (please contact your PWCs to check that they are able to accept the e-waste) / Cash-for-Trash stations organised by Public Waste Collectors (please contact your PWCs to check that they are able to accept the e-waste) / To find out where you can recycle your e-waste, visit here.'),
(144, 'Others', 'Microwave Oven', 'YES', 'These e-waste items can be recycled through: E-waste bins (non-ALBA)* (items must fit the opening of bins) / Retailer 1-for-1 Take-back / Bulky item removal service by TCs for HDB residents (small items are not applicable) / - Cash-for-Trash stations organised by Public Waste Collectors (please contact your PWCs to check that they are able to accept the e-waste) / Cash-for-Trash stations organised by Public Waste Collectors (please contact your PWCs to check that they are able to accept the e-waste) / To find out where you can recycle your e-waste, visit here.'),
(145, 'Others', 'Toaster Oven', 'YES', 'These e-waste items can be recycled through: E-waste bins (non-ALBA)* (items must fit the opening of bins) / Retailer 1-for-1 Take-back / Bulky item removal service by TCs for HDB residents (small items are not applicable) / - Cash-for-Trash stations organised by Public Waste Collectors (please contact your PWCs to check that they are able to accept the e-waste) / Cash-for-Trash stations organised by Public Waste Collectors (please contact your PWCs to check that they are able to accept the e-waste) / To find out where you can recycle your e-waste, visit here.'),
(146, 'Others', 'Electric Kettle', 'YES', 'These e-waste items can be recycled through: E-waste bins (non-ALBA)* (items must fit the opening of bins) / Retailer 1-for-1 Take-back / Bulky item removal service by TCs for HDB residents (small items are not applicable) / - Cash-for-Trash stations organised by Public Waste Collectors (please contact your PWCs to check that they are able to accept the e-waste) / Cash-for-Trash stations organised by Public Waste Collectors (please contact your PWCs to check that they are able to accept the e-waste) / To find out where you can recycle your e-waste, visit here.'),
(147, 'Others', 'Food Processor', 'YES', 'These e-waste items can be recycled through: E-waste bins (non-ALBA)* (items must fit the opening of bins) / Retailer 1-for-1 Take-back / Bulky item removal service by TCs for HDB residents (small items are not applicable) / - Cash-for-Trash stations organised by Public Waste Collectors (please contact your PWCs to check that they are able to accept the e-waste) / Cash-for-Trash stations organised by Public Waste Collectors (please contact your PWCs to check that they are able to accept the e-waste) / To find out where you can recycle your e-waste, visit here.'),
(148, 'Others', 'Food Blender', 'YES', 'These e-waste items can be recycled through: E-waste bins (non-ALBA)* (items must fit the opening of bins) / Retailer 1-for-1 Take-back / Bulky item removal service by TCs for HDB residents (small items are not applicable) / - Cash-for-Trash stations organised by Public Waste Collectors (please contact your PWCs to check that they are able to accept the e-waste) / Cash-for-Trash stations organised by Public Waste Collectors (please contact your PWCs to check that they are able to accept the e-waste) / To find out where you can recycle your e-waste, visit here.'),
(149, 'Others', 'Electric Fan', 'YES', 'These e-waste items can be recycled through: E-waste bins (non-ALBA)* (items must fit the opening of bins) / Retailer 1-for-1 Take-back / Bulky item removal service by TCs for HDB residents (small items are not applicable) / - Cash-for-Trash stations organised by Public Waste Collectors (please contact your PWCs to check that they are able to accept the e-waste) / Cash-for-Trash stations organised by Public Waste Collectors (please contact your PWCs to check that they are able to accept the e-waste) / To find out where you can recycle your e-waste, visit here.'),
(150, 'Others', 'Standing Fan', 'YES', 'These e-waste items can be recycled through: E-waste bins (non-ALBA)* (items must fit the opening of bins) / Retailer 1-for-1 Take-back / Bulky item removal service by TCs for HDB residents (small items are not applicable) / - Cash-for-Trash stations organised by Public Waste Collectors (please contact your PWCs to check that they are able to accept the e-waste) / Cash-for-Trash stations organised by Public Waste Collectors (please contact your PWCs to check that they are able to accept the e-waste) / To find out where you can recycle your e-waste, visit here.'),
(151, 'Others', 'Cd / Dvd Player', 'YES', 'These e-waste items can be recycled through: E-waste bins (non-ALBA)* (items must fit the opening of bins) / Retailer 1-for-1 Take-back / Bulky item removal service by TCs for HDB residents (small items are not applicable) / - Cash-for-Trash stations organised by Public Waste Collectors (please contact your PWCs to check that they are able to accept the e-waste) / Cash-for-Trash stations organised by Public Waste Collectors (please contact your PWCs to check that they are able to accept the e-waste) / To find out where you can recycle your e-waste, visit here.'),
(152, 'Others', 'Music Player', 'YES', 'These e-waste items can be recycled through: E-waste bins (non-ALBA)* (items must fit the opening of bins) / Retailer 1-for-1 Take-back / Bulky item removal service by TCs for HDB residents (small items are not applicable) / - Cash-for-Trash stations organised by Public Waste Collectors (please contact your PWCs to check that they are able to accept the e-waste) / Cash-for-Trash stations organised by Public Waste Collectors (please contact your PWCs to check that they are able to accept the e-waste) / To find out where you can recycle your e-waste, visit here.'),
(153, 'Others', 'Speaker', 'YES', 'These e-waste items can be recycled through: E-waste bins (non-ALBA)* (items must fit the opening of bins) / Retailer 1-for-1 Take-back / Bulky item removal service by TCs for HDB residents (small items are not applicable) / - Cash-for-Trash stations organised by Public Waste Collectors (please contact your PWCs to check that they are able to accept the e-waste) / Cash-for-Trash stations organised by Public Waste Collectors (please contact your PWCs to check that they are able to accept the e-waste) / To find out where you can recycle your e-waste, visit here.'),
(154, 'Others', 'Audio Sound System', 'YES', 'These e-waste items can be recycled through: E-waste bins (non-ALBA)* (items must fit the opening of bins) / Retailer 1-for-1 Take-back / Bulky item removal service by TCs for HDB residents (small items are not applicable) / - Cash-for-Trash stations organised by Public Waste Collectors (please contact your PWCs to check that they are able to accept the e-waste) / Cash-for-Trash stations organised by Public Waste Collectors (please contact your PWCs to check that they are able to accept the e-waste) / To find out where you can recycle your e-waste, visit here.'),
(155, 'Others', 'Radio', 'YES', 'These e-waste items can be recycled through: E-waste bins (non-ALBA)* (items must fit the opening of bins) / Retailer 1-for-1 Take-back / Bulky item removal service by TCs for HDB residents (small items are not applicable) / - Cash-for-Trash stations organised by Public Waste Collectors (please contact your PWCs to check that they are able to accept the e-waste) / Cash-for-Trash stations organised by Public Waste Collectors (please contact your PWCs to check that they are able to accept the e-waste) / To find out where you can recycle your e-waste, visit here.'),
(156, 'Others', 'Vacuum Cleaner', 'YES', 'These e-waste items can be recycled through: E-waste bins (non-ALBA)* (items must fit the opening of bins) / Retailer 1-for-1 Take-back / Bulky item removal service by TCs for HDB residents (small items are not applicable) / - Cash-for-Trash stations organised by Public Waste Collectors (please contact your PWCs to check that they are able to accept the e-waste) / Cash-for-Trash stations organised by Public Waste Collectors (please contact your PWCs to check that they are able to accept the e-waste) / To find out where you can recycle your e-waste, visit here.'),
(157, 'Others', 'Gaming Console', 'YES', 'These e-waste items can be recycled through: E-waste bins (non-ALBA)* (items must fit the opening of bins) / Retailer 1-for-1 Take-back / Bulky item removal service by TCs for HDB residents (small items are not applicable) / - Cash-for-Trash stations organised by Public Waste Collectors (please contact your PWCs to check that they are able to accept the e-waste) / Cash-for-Trash stations organised by Public Waste Collectors (please contact your PWCs to check that they are able to accept the e-waste) / To find out where you can recycle your e-waste, visit here.'),
(158, 'Others', 'Lamp Stand', '', 'While the lamp bulb can be disposed in the e-waste bin, lamp fixture and stand should be recycled through: - Retailer 1-for-1 Take-back - Bulky item removal service by TCs for HDB residents - Doorstep collection (fees may apply) *Please note that small household appliances will be collected and recycled under recycling programmes organised under the National Voluntary Partnership for the Proper Management of Non-Regulated Used Household Electrical/Electronic Products.'),
(159, 'Others', 'Lamp Fixture', '', 'While the lamp bulb can be disposed in the e-waste bin, lamp fixture and stand should be recycled through: - Retailer 1-for-1 Take-back - Bulky item removal service by TCs for HDB residents - Doorstep collection (fees may apply) *Please note that small household appliances will be collected and recycled under recycling programmes organised under the National Voluntary Partnership for the Proper Management of Non-Regulated Used Household Electrical/Electronic Products.'),
(160, 'Others', 'Sport Shoes', '', 'Repair or donate your used shoes as far as possible. These are part of the permanent used shoe collection drive: - ActiveSG Sport Centres - Decathlon - Selected Public Parks - Selected Recreation Clubs and more! For more information, visit here.'),
(161, 'Others', 'School Shoes', '', 'Repair or donate your used shoes as far as possible. These are part of the permanent used shoe collection drive: - ActiveSG Sport Centres - Decathlon - Selected Public Parks - Selected Recreation Clubs and more! For more information, visit here.'),
(162, 'Others', 'Football Shoes (without metal studs)', '', 'Repair or donate your used shoes as far as possible. These are part of the permanent used shoe collection drive: - ActiveSG Sport Centres - Decathlon - Selected Public Parks - Selected Recreation Clubs and more! For more information, visit here.'),
(163, 'Others', 'Clothes', 'NO', 'Old items should be donated if they are in good condition. Dipose as general waste if they are in bad condition.'),
(164, 'Others', 'Shoes (other than those listed in #74)', 'NO', 'Old items should be donated if they are in good condition. Dipose as general waste if they are in bad condition.'),
(165, 'Others', 'Bag', 'NO', 'Old items should be donated if they are in good condition. Dipose as general waste if they are in bad condition.'),
(166, 'Others', 'Toy / Soft Toy', 'NO', 'Old items should be donated if they are in good condition. Dipose as general waste if they are in bad condition.'),
(167, 'Others', 'Umbrella', 'NO', 'Old items should be donated if they are in good condition. Dipose as general waste if they are in bad condition.'),
(168, 'Others', 'Spectacles', 'NO', 'Old items should be donated if they are in good condition. Dipose as general waste if they are in bad condition.'),
(169, 'Others', 'Textile', 'NO', 'Old items should be donated if they are in good condition. Dipose as general waste if they are in bad condition.'),
(170, 'Others', 'Curtains', 'NO', 'Old items should be donated if they are in good condition. Dipose as general waste if they are in bad condition.'),
(171, 'Others', 'Bedsheet', 'NO', 'Old items should be donated if they are in good condition. Dipose as general waste if they are in bad condition.'),
(172, 'Others', 'Blanket ', 'NO', 'Old items should be donated if they are in good condition. Dipose as general waste if they are in bad condition.'),
(173, 'Others', 'Food waste', 'NO', 'Dispose as general waste'),
(174, 'Others', 'Plant and horticultural waste', 'MAYBE', 'Only for landed estates: bag and place outside your unit on collection days'),
(175, 'Others', 'Luggage bag', 'NO', 'Donate if it is in good condition'),
(176, 'Others', 'Bulky waste (e.g. Furniture, standing fan etc)', 'NO', 'Donate if it is in good condition / Contact Town council to remove from your residential premises'),
(177, 'Others', 'Leftover medicine', 'NO', 'Dispose as general waste'),
(178, 'Others', 'Diaper', 'NO', 'Dispose as general waste'),
(179, 'Others', 'Sanitary pad', 'NO', 'Dispose as general waste'),
(180, 'Others', 'Stationery - Pen and pencil', 'NO', 'Donate if it is in good condition');

-- --------------------------------------------------------

--
-- Table structure for table InfoRecyclableTips
--

CREATE TABLE IF NOT EXISTS InfoRecyclableTips (
  ItemID INT NOT NULL,
  ItemType VARCHAR(7) DEFAULT NULL,
  Item VARCHAR(97) DEFAULT NULL,
  Recyclable VARCHAR(88) DEFAULT NULL,
  NonRecyclable VARCHAR(472) DEFAULT NULL,
  INDEX Idx_Type (ItemType),
  INDEX Idx_Item (Item),
  FOREIGN KEY (ItemID) REFERENCES `InfoRecyclables` (ItemID)
);

--
-- Dumping data for table InfoRecyclableTips
--

INSERT INTO InfoRecyclableTips (ItemID, ItemType, Item, Recyclable, NonRecyclable) VALUES
(1, 'Paper', 'Printed paper (Glossy and non-glossy)', 'Make sure it is clean before recycling', ''),
(2, 'Paper', 'Writing paper', 'Make sure it is clean before recycling', ''),
(3, 'Paper', 'Newspaper', 'Make sure it is clean before recycling', ''),
(4, 'Paper', 'Flyer (Glossy and non-glossy)', 'Make sure it is clean before recycling', ''),
(5, 'Paper', 'Brochure (Glossy and non-glossy)', 'Make sure it is clean before recycling', ''),
(6, 'Paper', 'Magazine (Glossy and non-glossy)', 'Make sure it is clean before recycling', ''),
(7, 'Paper', 'Book / Textbook', 'Donate if it can be reused', ''),
(8, 'Paper', 'Telephone directory', 'Make sure it is clean before recycling', ''),
(9, 'Paper', 'Envelope (With and without plastic window)', 'Make sure it is clean before recycling', ''),
(10, 'Paper', 'Red packet', 'Make sure it is clean before recycling', ''),
(11, 'Paper', 'Namecard', 'Make sure it is clean before recycling', ''),
(12, 'Paper', 'Calendar', 'Make sure it is clean before recycling', ''),
(13, 'Paper', 'Greeting card', 'Make sure it is clean before recycling', ''),
(14, 'Paper', 'Gift wrapping paper', 'Make sure it is clean before recycling', ''),
(15, 'Paper', 'Shredded paper', 'Make sure it is clean before recycling', ''),
(16, 'Paper', 'Paper receipt', 'Make sure it is clean before recycling', ''),
(17, 'Paper', 'Carton box', 'Please flatten before recycling', ''),
(18, 'Paper', 'Cardboard box', 'Please flatten before recycling', ''),
(19, 'Paper', 'Paper packaging', 'Please flatten before recycling', ''),
(20, 'Paper', 'Printed paper box', 'Please flatten before recycling', ''),
(21, 'Paper', 'Paper Box', 'Please flatten before recycling', ''),
(22, 'Paper', 'Egg tray', 'Make sure it is clean before recycling', ''),
(23, 'Paper', 'Beverage carton (e.g. milk, juice and drink packet)', 'Please empty, rinse and flatten before recycling', ''),
(24, 'Paper', 'Paper towel and toilet roll tube', 'Make sure it is clean before recycling', ''),
(25, 'Paper', 'Tissue box', 'Please flatten before recycling', ''),
(26, 'Paper', 'Paper bag', 'Make sure it is clean before recycling', ''),
(27, 'Paper', 'Paper disposables: Paper cup', '', 'Dispose as general waste'),
(28, 'Paper', 'Paper disposables: Paper plate', '', 'Dispose as general waste'),
(29, 'Paper', 'Paper disposables: Glitter paper', '', 'Dispose as general waste'),
(30, 'Paper', 'Paper disposables: Crayon drawing', '', 'Dispose as general waste'),
(31, 'Paper', 'Tissue paper', '', 'Dispose as general waste'),
(32, 'Paper', 'Paper towel', '', 'Dispose as general waste'),
(33, 'Paper', 'Toilet paper', '', 'Dispose as general waste'),
(34, 'Paper', 'Disposable wooden chopstick', '', 'Dispose as general waste'),
(35, 'Paper', 'Wooden chopsticks', '', 'Dispose as general waste'),
(36, 'Paper', 'Pizza boxes', '', 'Dispose as general waste'),
(37, 'Paper', 'Wax paper', '', 'Dispose as general waste'),
(38, 'Paper', 'Paper packaging that are contaminated with food (eg pizza box, paper bag for pastries)', '', 'Dispose as general waste'),
(39, 'Plastic', 'Plastic bottle/container - Food or Beverage', 'Please empty and rinse before recycling', ''),
(40, 'Plastic', ' Mineral water bottle', 'Please empty and rinse before recycling', ''),
(41, 'Plastic', 'Soft drink bottle', 'Please empty and rinse before recycling', ''),
(42, 'Plastic', 'Carbonated drink bottle', 'Please empty and rinse before recycling', ''),
(43, 'Plastic', 'Milk bottle', 'Please empty and rinse before recycling', ''),
(44, 'Plastic', 'Water bottle', 'Please empty and rinse before recycling', ''),
(45, 'Plastic', 'Medicine bottle', 'Please empty and rinse before recycling', ''),
(46, 'Plastic', 'Plastic bottle/container - Non-food ', 'Please empty and rinse before recycling', ''),
(47, 'Plastic', 'Shampoo', 'Please empty and rinse before recycling', ''),
(48, 'Plastic', 'Bodywash', 'Please empty and rinse before recycling', ''),
(49, 'Plastic', 'Facial cleanser', 'Please empty and rinse before recycling', ''),
(50, 'Plastic', 'Detergent', 'Please empty and rinse before recycling', ''),
(51, 'Plastic', 'Soap', 'Please empty and rinse before recycling', ''),
(52, 'Plastic', 'CD/DVD casing', 'Make sure it is clean before recycling', ''),
(53, 'Plastic', 'CD/DVC casing', 'Make sure it is clean before recycling', ''),
(54, 'Plastic', 'Plastic bag', 'Make sure it is clean before recycling', ''),
(55, 'Plastic', 'Toilet paper packaging', 'Make sure it is clean before recycling', ''),
(56, 'Plastic', 'Tissue box packaging', 'Make sure it is clean before recycling', ''),
(57, 'Plastic', 'Plastic film: Magazine wrapper', 'Make sure it is clean before recycling', ''),
(58, 'Plastic', 'Plastic film: Plastic packaging for packet drinks', 'Make sure it is clean before recycling', ''),
(59, 'Plastic', 'Plastic film: Bubble wrap', 'Make sure it is clean before recycling', ''),
(60, 'Plastic', 'Plastic film: Fruit box', 'Make sure it is clean before recycling', ''),
(61, 'Plastic', 'Plastic film: Ziplock bag', 'Make sure it is clean before recycling', ''),
(62, 'Plastic', 'Plastic packaging', 'Please empty contents before recycling', ''),
(63, 'Plastic', 'Bread bag', 'Please empty contents before recycling', ''),
(64, 'Plastic', 'Egg trays', 'Please empty contents before recycling', ''),
(65, 'Plastic', 'Plastic clothes hanger', 'Make sure it is clean before recycling', ''),
(66, 'Plastic', 'Plastic takeaway food container', 'Please empty and rinse before recycling', ''),
(67, 'Plastic', 'Plastic cups', 'Please empty and rinse before recycling', ''),
(68, 'Plastic', 'Bubble tea cups', 'Please empty and rinse before recycling', ''),
(69, 'Plastic', 'Polystyrene foam product (e.g. Styrofoam cup, clam shell container)', '', 'Dispose as general waste'),
(70, 'Plastic', 'Plastic disposables - cutlery and crockery', '', 'Dispose as general waste'),
(71, 'Plastic', 'Plastic packaging with foil (e.g. potato chip bags, empty blister pack, expired credit card etc.)', '', 'Dispose as general waste'),
(72, 'Plastic', 'Oxo-degradable bags', '', 'Dispose as general waste'),
(73, 'Plastic', 'Bio-degradable bags', '', 'Dispose as general waste'),
(74, 'Plastic', 'Drinking straw', '', 'Dispose as general waste'),
(75, 'Plastic', 'Cassette and video tape', '', 'Dispose as general waste'),
(76, 'Plastic', 'Plastic packaging contaminated with food / oil stains', '', 'Dispose as general waste'),
(77, 'Plastic', 'Melamine products (e.g. Melamine cups, melamine plates etc)', '', 'Dispose as general waste'),
(78, 'Glass', 'Beverage glass bottle (e.g. beer bottle, wine bottle, liquor bottle)', 'Please empty and rinse before recycling', ''),
(79, 'Glass', 'Food glass bottle (e.g. sauce and condiment bottle, jam spread bottle, food jar etc)', 'Please empty and rinse before recycling', ''),
(80, 'Glass', 'Cosmetic glass bottle', 'Please empty and rinse before recycling', ''),
(81, 'Glass', 'Perfume glass bottle', 'Please empty and rinse before recycling', ''),
(82, 'Glass', 'Medicine glass bottle', 'Please empty and rinse before recycling', ''),
(83, 'Glass', 'Supplement glass bottle', 'Please empty and rinse before recycling', ''),
(84, 'Glass', 'Glassware - Cup, plate, drinking glass, wine glass', 'Make sure it is clean before recycling', ''),
(85, 'Glass', 'Borosilicate glassware', '', 'Dispose as general waste'),
(86, 'Glass', 'Pyrex glassware', '', 'Dispose as general waste'),
(87, 'Glass', 'Bakeware', '', 'Dispose as general waste'),
(88, 'Glass', 'Tempered glass', '', 'Dispose as general waste'),
(89, 'Glass', 'Over-safe food containers', '', 'Dispose as general waste'),
(90, 'Glass', 'Crystal glass', '', 'Dispose as general waste'),
(91, 'Glass', 'Glass with metal wires', '', 'Dispose as general waste'),
(92, 'Glass', 'Windows', '', 'Dispose as general waste'),
(93, 'Glass', 'Mirrors', '', 'Donate if it can be reused'),
(94, 'Glass', 'Ceramic product (e.g. ceramic plate, tea pot, porcelain etc)', '', 'Donate if it can be reused'),
(95, 'Glass', 'Light bulb / tube', '', 'Can be recycled at e-waste collection points here.'),
(96, 'Glass', 'Lamp', '', 'Can be recycled at e-waste collection points here.'),
(97, 'Glass', 'Incandescent lamp / bulb', '', 'Can be recycled at e-waste collection points here.'),
(98, 'Glass', 'Fluorescent lamp / bulb', '', 'Can be recycled at e-waste collection points here.'),
(99, 'Glass', 'LED lamp / LED bulb)', '', 'Can be recycled at e-waste collection points here.'),
(100, 'Metal', 'Beverage metal can (e.g. carbonated drink can, soft drink can, beer can, etc)', 'Please empty and rinse when necessary Rusted metals should be disposed as general waste', ''),
(101, 'Metal', 'Food metal can (e.g. biscuit and food tin, metal container etc)', 'Please empty and rinse when necessary Rusted metals should be disposed as general waste', ''),
(102, 'Metal', 'Medals', 'Make sure it is clean before recycling Rusted metals should be disposed as general waste', ''),
(103, 'Metal', 'Metal bottle cap', 'Make sure it is clean before recycling Rusted metals should be disposed as general waste', ''),
(104, 'Metal', 'Aerosol can', 'Please empty contents before reycling', ''),
(105, 'Metal', 'Clean aluminium tray and foil', 'Please empty and rinse before recycling', ''),
(106, 'Metal', 'Non-food Metal Container (e.g. paint container, paint cans etc)', 'Please empty contents before recycling Rusted metals should be disposed as general waste', ''),
(107, 'Metal', 'Rusty metal cans', '', 'Dispose as general waste'),
(108, 'Metal', 'Dirty aluminium foil / tray', '', 'Dispose as general waste'),
(109, 'Metal', 'Metal cutlery', 'Make sure that they are completely metal', ''),
(110, 'Metal', 'Steel wool', 'Make sure that they are completely metal', ''),
(111, 'Metal', 'Metal accessories', 'Make sure that they are completely metal', ''),
(112, 'Others', 'ICT Equipment: Desktop computer', '', 'Can be recycled at e-waste collection points here.'),
(113, 'Others', 'ICT Equipment: Laptop', '', 'Can be recycled at e-waste collection points here.'),
(114, 'Others', 'ICT Equipment: Tablet computer', '', 'Can be recycled at e-waste collection points here.'),
(115, 'Others', 'ICT Equipment: Mobile phone', '', 'Can be recycled at e-waste collection points here.'),
(116, 'Others', 'ICT Equipment: Computer battery', '', 'Can be recycled at e-waste collection points here.'),
(117, 'Others', 'ICT Equipment: Mobile phone battery', '', 'Can be recycled at e-waste collection points here.'),
(118, 'Others', 'ICT Equipment: Printer', '', 'Can be recycled at e-waste collection points here.'),
(119, 'Others', 'ICT Equipment: Modem', '', 'Can be recycled at e-waste collection points here.'),
(120, 'Others', 'ICT Equipment: Router', '', 'Can be recycled at e-waste collection points here.'),
(121, 'Others', 'ICT Equipment: Desktop monitor', '', 'Can be recycled at e-waste collection points here.'),
(122, 'Others', 'ICT Equipment: Hard disk drive', '', 'Can be recycled at e-waste collection points here.'),
(123, 'Others', 'ICT Equipment: Battery charger', '', 'Can be recycled at e-waste collection points here.'),
(124, 'Others', 'ICT Equipment: Portable charger', '', 'Can be recycled at e-waste collection points here.'),
(125, 'Others', 'ICT Equipment: Power bank', '', 'Can be recycled at e-waste collection points here.'),
(126, 'Others', 'ICT Equipment: Electronic cables', '', 'Can be recycled at e-waste collection points here.'),
(127, 'Others', 'ICT Equipment: Computer mouse', '', 'Can be recycled at e-waste collection points here.'),
(128, 'Others', 'ICT Equipment: Keyboard', '', 'Can be recycled at e-waste collection points here.'),
(129, '', 'Electronic waste (e.g. Used mobile phone, tablet, laptop etc)', '', 'Can be recycled at e-waste collection points here.'),
(130, 'Others', 'Rechargable battery', '', 'Can be recycled at e-waste collection points here.'),
(131, 'Others', 'Household battery', '', 'Can be recycled at e-waste collection points here.'),
(132, 'Others', 'Alkaline battery', '', 'Can be recycled at e-waste collection points here.'),
(133, 'Others', 'Refrigerator', '', 'These can be recycled through: - Retailer 1-for-1 Take-back - Bulky item removal service by TCs for HDB residents - E-waste collection drive (Quarterly) - Doorstep collection (fees may apply) To find out where you can recycle your e-waste, visit here.'),
(134, 'Others', 'Washing Machine', '', 'These can be recycled through: - Retailer 1-for-1 Take-back - Bulky item removal service by TCs for HDB residents - E-waste collection drive (Quarterly) - Doorstep collection (fees may apply) To find out where you can recycle your e-waste, visit here.'),
(135, 'Others', 'Dryer', '', 'These can be recycled through: - Retailer 1-for-1 Take-back - Bulky item removal service by TCs for HDB residents - E-waste collection drive (Quarterly) - Doorstep collection (fees may apply) To find out where you can recycle your e-waste, visit here.'),
(136, 'Others', 'Television', '', 'These can be recycled through: - Retailer 1-for-1 Take-back - Bulky item removal service by TCs for HDB residents - E-waste collection drive (Quarterly) - Doorstep collection (fees may apply) To find out where you can recycle your e-waste, visit here.'),
(137, 'Others', 'Air Conditioner', '', 'These can be recycled through: - Retailer 1-for-1 Take-back - Bulky item removal service by TCs for HDB residents - E-waste collection drive (Quarterly) - Doorstep collection (fees may apply) To find out where you can recycle your e-waste, visit here.'),
(138, 'Others', 'Electric Mobility Devices: Personal mobility devices', '', 'These can be recycled through: - Retailer 1-for-1 Take-back - Bulky item removal service by TCs for HDB residents - E-waste collection drive (Quarterly) - Doorstep collection (fees may apply) To find out where you can recycle your e-waste, visit here.'),
(139, 'Others', 'Electric Mobility Devices: Electric scooter', '', 'These can be recycled through: - Retailer 1-for-1 Take-back - Bulky item removal service by TCs for HDB residents - E-waste collection drive (Quarterly) - Doorstep collection (fees may apply) To find out where you can recycle your e-waste, visit here.'),
(140, 'Others', 'Electric Mobility Devices: Electric bicycle', '', 'These can be recycled through: - Retailer 1-for-1 Take-back - Bulky item removal service by TCs for HDB residents - E-waste collection drive (Quarterly) - Doorstep collection (fees may apply) To find out where you can recycle your e-waste, visit here.'),
(141, 'Others', 'Electric Mobility Devices: Power-assisted bicycle', '', 'These can be recycled through: - Retailer 1-for-1 Take-back - Bulky item removal service by TCs for HDB residents - E-waste collection drive (Quarterly) - Doorstep collection (fees may apply) To find out where you can recycle your e-waste, visit here.'),
(142, 'Others', 'Electric Mobility Devices: Electric mobility scooter', '', 'These can be recycled through: - Retailer 1-for-1 Take-back - Bulky item removal service by TCs for HDB residents - E-waste collection drive (Quarterly) - Doorstep collection (fees may apply) To find out where you can recycle your e-waste, visit here.'),
(143, 'Others', 'Rice Cooker', '', 'These e-waste items can be recycled through: - E-waste bins (non-ALBA)* (items must fit the opening of bins) - Retailer 1-for-1 Take-back - Bulky item removal service by TCs for HDB residents (small items are not applicable) - Cash-for-Trash stations organised by Public Waste Collectors (please contact your PWCs to check that they are able to accept the e-waste) To find out where you can recycle your e-waste, visit here.'),
(144, 'Others', 'Microwave Oven', '', 'These e-waste items can be recycled through: - E-waste bins (non-ALBA)* (items must fit the opening of bins) - Retailer 1-for-1 Take-back - Bulky item removal service by TCs for HDB residents (small items are not applicable) - Cash-for-Trash stations organised by Public Waste Collectors (please contact your PWCs to check that they are able to accept the e-waste) To find out where you can recycle your e-waste, visit here.'),
(145, 'Others', 'Toaster Oven', '', 'These e-waste items can be recycled through: - E-waste bins (non-ALBA)* (items must fit the opening of bins) - Retailer 1-for-1 Take-back - Bulky item removal service by TCs for HDB residents (small items are not applicable) - Cash-for-Trash stations organised by Public Waste Collectors (please contact your PWCs to check that they are able to accept the e-waste) To find out where you can recycle your e-waste, visit here.'),
(146, 'Others', 'Electric Kettle', '', 'These e-waste items can be recycled through: - E-waste bins (non-ALBA)* (items must fit the opening of bins) - Retailer 1-for-1 Take-back - Bulky item removal service by TCs for HDB residents (small items are not applicable) - Cash-for-Trash stations organised by Public Waste Collectors (please contact your PWCs to check that they are able to accept the e-waste) To find out where you can recycle your e-waste, visit here.'),
(147, 'Others', 'Food Processor', '', 'These e-waste items can be recycled through: - E-waste bins (non-ALBA)* (items must fit the opening of bins) - Retailer 1-for-1 Take-back - Bulky item removal service by TCs for HDB residents (small items are not applicable) - Cash-for-Trash stations organised by Public Waste Collectors (please contact your PWCs to check that they are able to accept the e-waste) To find out where you can recycle your e-waste, visit here.'),
(148, 'Others', 'Food Blender', '', 'These e-waste items can be recycled through: - E-waste bins (non-ALBA)* (items must fit the opening of bins) - Retailer 1-for-1 Take-back - Bulky item removal service by TCs for HDB residents (small items are not applicable) - Cash-for-Trash stations organised by Public Waste Collectors (please contact your PWCs to check that they are able to accept the e-waste) To find out where you can recycle your e-waste, visit here.'),
(149, 'Others', 'Electric Fan', '', 'These e-waste items can be recycled through: - E-waste bins (non-ALBA)* (items must fit the opening of bins) - Retailer 1-for-1 Take-back - Bulky item removal service by TCs for HDB residents (small items are not applicable) - Cash-for-Trash stations organised by Public Waste Collectors (please contact your PWCs to check that they are able to accept the e-waste) To find out where you can recycle your e-waste, visit here.'),
(150, 'Others', 'Standing Fan', '', 'These e-waste items can be recycled through: - E-waste bins (non-ALBA)* (items must fit the opening of bins) - Retailer 1-for-1 Take-back - Bulky item removal service by TCs for HDB residents (small items are not applicable) - Cash-for-Trash stations organised by Public Waste Collectors (please contact your PWCs to check that they are able to accept the e-waste) To find out where you can recycle your e-waste, visit here.'),
(151, 'Others', 'Cd / Dvd Player', '', 'These e-waste items can be recycled through: - E-waste bins (non-ALBA)* (items must fit the opening of bins) - Retailer 1-for-1 Take-back - Bulky item removal service by TCs for HDB residents (small items are not applicable) - Cash-for-Trash stations organised by Public Waste Collectors (please contact your PWCs to check that they are able to accept the e-waste) To find out where you can recycle your e-waste, visit here.'),
(152, 'Others', 'Music Player', '', 'These e-waste items can be recycled through: - E-waste bins (non-ALBA)* (items must fit the opening of bins) - Retailer 1-for-1 Take-back - Bulky item removal service by TCs for HDB residents (small items are not applicable) - Cash-for-Trash stations organised by Public Waste Collectors (please contact your PWCs to check that they are able to accept the e-waste) To find out where you can recycle your e-waste, visit here.'),
(153, 'Others', 'Speaker', '', 'These e-waste items can be recycled through: - E-waste bins (non-ALBA)* (items must fit the opening of bins) - Retailer 1-for-1 Take-back - Bulky item removal service by TCs for HDB residents (small items are not applicable) - Cash-for-Trash stations organised by Public Waste Collectors (please contact your PWCs to check that they are able to accept the e-waste) To find out where you can recycle your e-waste, visit here.'),
(154, 'Others', 'Audio Sound System', '', 'These e-waste items can be recycled through: - E-waste bins (non-ALBA)* (items must fit the opening of bins) - Retailer 1-for-1 Take-back - Bulky item removal service by TCs for HDB residents (small items are not applicable) - Cash-for-Trash stations organised by Public Waste Collectors (please contact your PWCs to check that they are able to accept the e-waste) To find out where you can recycle your e-waste, visit here.'),
(155, 'Others', 'Radio', '', 'These e-waste items can be recycled through: - E-waste bins (non-ALBA)* (items must fit the opening of bins) - Retailer 1-for-1 Take-back - Bulky item removal service by TCs for HDB residents (small items are not applicable) - Cash-for-Trash stations organised by Public Waste Collectors (please contact your PWCs to check that they are able to accept the e-waste) To find out where you can recycle your e-waste, visit here.'),
(156, 'Others', 'Vacuum Cleaner', '', 'These e-waste items can be recycled through: - E-waste bins (non-ALBA)* (items must fit the opening of bins) - Retailer 1-for-1 Take-back - Bulky item removal service by TCs for HDB residents (small items are not applicable) - Cash-for-Trash stations organised by Public Waste Collectors (please contact your PWCs to check that they are able to accept the e-waste) To find out where you can recycle your e-waste, visit here.'),
(157, 'Others', 'Gaming Console', '', 'These e-waste items can be recycled through: - E-waste bins (non-ALBA)* (items must fit the opening of bins) - Retailer 1-for-1 Take-back - Bulky item removal service by TCs for HDB residents (small items are not applicable) - Cash-for-Trash stations organised by Public Waste Collectors (please contact your PWCs to check that they are able to accept the e-waste) To find out where you can recycle your e-waste, visit here.'),
(158, 'Others', 'Lamp Stand', '', 'While the lamp bulb can be disposed in the e-waste bin, lamp fixture and stand should be recycled through: - Retailer 1-for-1 Take-back - Bulky item removal service by TCs for HDB residents - Doorstep collection (fees may apply) *Please note that small household appliances will be collected and recycled under recycling programmes organised under the National Voluntary Partnership for the Proper Management of Non-Regulated Used Household Electrical/Electronic Products.'),
(159, 'Others', 'Lamp Fixture', '', 'While the lamp bulb can be disposed in the e-waste bin, lamp fixture and stand should be recycled through: - Retailer 1-for-1 Take-back - Bulky item removal service by TCs for HDB residents - Doorstep collection (fees may apply) *Please note that small household appliances will be collected and recycled under recycling programmes organised under the National Voluntary Partnership for the Proper Management of Non-Regulated Used Household Electrical/Electronic Products.'),
(160, 'Others', 'Sport Shoes', '', 'Repair or donate your used shoes as far as possible. These are part of the permanent used shoe collection drive: - ActiveSG Sport Centres - Decathlon - Selected Public Parks - Selected Recreation Clubs and more! For more information, visit here.'),
(161, 'Others', 'School Shoes', '', 'Repair or donate your used shoes as far as possible. These are part of the permanent used shoe collection drive: - ActiveSG Sport Centres - Decathlon - Selected Public Parks - Selected Recreation Clubs and more! For more information, visit here.'),
(162, 'Others', 'Football Shoes (without metal studs)', '', 'Repair or donate your used shoes as far as possible. These are part of the permanent used shoe collection drive: - ActiveSG Sport Centres - Decathlon - Selected Public Parks - Selected Recreation Clubs and more! For more information, visit here.'),
(163, 'Others', 'Clothes', '', 'Old items should be donated if they are in good condition. Dipose as general waste if they are in bad condition.'),
(164, 'Others', 'Shoes (other than those listed in #74)', '', 'Old items should be donated if they are in good condition. Dipose as general waste if they are in bad condition.'),
(165, 'Others', 'Bag', '', 'Old items should be donated if they are in good condition. Dipose as general waste if they are in bad condition.'),
(166, 'Others', 'Toy / Soft Toy', '', 'Old items should be donated if they are in good condition. Dipose as general waste if they are in bad condition.'),
(167, 'Others', 'Umbrella', '', 'Old items should be donated if they are in good condition. Dipose as general waste if they are in bad condition.'),
(168, 'Others', 'Spectacles', '', 'Old items should be donated if they are in good condition. Dipose as general waste if they are in bad condition.'),
(169, 'Others', 'Textile', '', 'Old items should be donated if they are in good condition. Dipose as general waste if they are in bad condition.'),
(170, 'Others', 'Curtains', '', 'Old items should be donated if they are in good condition. Dipose as general waste if they are in bad condition.'),
(171, 'Others', 'Bedsheet', '', 'Old items should be donated if they are in good condition. Dipose as general waste if they are in bad condition.'),
(172, 'Others', 'Blanket ', '', 'Old items should be donated if they are in good condition. Dipose as general waste if they are in bad condition.'),
(173, 'Others', 'Food waste', '', 'Dispose as general waste'),
(174, 'Others', 'Plant and horticultural waste', '', 'Only for landed estates: bag and place outside your unit on collection days'),
(175, 'Others', 'Luggage bag', '', 'Donate if it is in good condition'),
(176, 'Others', 'Bulky waste (e.g. Furniture, standing fan etc)', '', 'Donate if it is in good condition or contact Town Council to remove from your residential premises'),
(177, 'Others', 'Leftover medicine', '', 'Dispose as general waste'),
(178, 'Others', 'Diaper', '', 'Dispose as general waste'),
(179, 'Others', 'Sanitary pad', '', 'Dispose as general waste'),
(180, 'Others', 'Stationery - Pen and pencil', '', 'Donate if it is in good condition');

-- --------------------------------------------------------

--
-- Table structure for table InfoStats
--

CREATE TABLE IF NOT EXISTS InfoStats (
  WasteType VARCHAR(32) DEFAULT NULL,
  TotalGenerated INT DEFAULT NULL,
  TotalRecycled INT DEFAULT NULL,
  RecyclingRate VARCHAR(5) DEFAULT NULL,
  TotalDisposed INT DEFAULT NULL,
  Year INT DEFAULT NULL,
  INDEX Idx_Waste_Type (WasteType),
  INDEX Idx_Year (Year)
);

--
-- Dumping data for table InfoStats
--

INSERT INTO InfoStats (WasteType, TotalGenerated, TotalRecycled, RecyclingRate, TotalDisposed, Year) VALUES
('C&D', 1609, 1600, '0.99', 9, 2017),
('Ferrous metal', 1379, 1371, '0.99', 8, 2017),
('Paper/Cardboard', 1145, 569, '0.5', 576, 2017),
('Plastics', 815, 52, '0.06', 763, 2017),
('Food', 810, 133, '0.16', 677, 2017),
('Wood', 424, 327, '0.77', 97, 2017),
('Horticultural', 328, 221, '0.67', 108, 2017),
('Used slag', 273, 269, '0.99', 3, 2017),
('Ash & sludge', 243, 29, '0.12', 215, 2017),
('Textile/Leather', 151, 10, '0.06', 141, 2017),
('Non-ferrous metal', 94, 92, '0.98', 2, 2017),
('Glass', 71, 12, '0.17', 59, 2017),
('Scrap tyres', 36, 33, '0.92', 3, 2017),
('Others (stones, ceramics, etc. )', 326, 7, '0.02', 319, 2017),
('Overall', 7704, 4724, '0.61', 2980, 2017),
('C&D', 1624, 1618, '0.99', 7, 2018),
('Ferrous metal', 1269, 1260, '0.99', 9, 2018),
('Paper/Cardboard', 1054, 586, '0.56', 467, 2018),
('Plastics', 949, 41, '0.04', 909, 2018),
('Food', 763, 126, '0.17', 637, 2018),
('Horticultural', 521, 428, '0.82', 93, 2018),
('Wood', 320, 227, '0.71', 93, 2018),
('Ash & sludge', 240, 25, '0.1', 215, 2018),
('Textile/Leather', 220, 14, '0.06', 206, 2018),
('Used slag', 246, 243, '0.99', 2, 2018),
('Non-ferrous metal', 171, 170, '0.99', 2, 2018),
('Glass', 64, 12, '0.19', 52, 2018),
('Scrap tyres', 32, 29, '0.9', 3, 2018),
('Others (stones, ceramics, etc. )', 286, 11, '0.04', 274, 2018),
('Overall', 7759, 4790, '0.62', 2969, 2018),
('C&D', 1440, 1434, '0.99', 6, 2019),
('Ferrous metal', 1278, 1270, '0.99', 8, 2019),
('Paper/Cardboard', 1011, 449, '0.44', 561, 2019),
('Plastics', 930, 37, '0.04', 893, 2019),
('Food', 744, 136, '0.18', 607, 2019),
('Wood', 438, 289, '0.66', 149, 2019),
('Horticultural', 400, 293, '0.73', 107, 2019),
('Ash & sludge', 252, 25, '0.1', 226, 2019),
('Textile/Leather', 168, 6, '0.04', 161, 2019),
('Used slag', 174, 171, '0.99', 3, 2019),
('Non-ferrous metal', 126, 124, '0.99', 2, 2019),
('Glass', 75, 11, '0.14', 64, 2019),
('Scrap tyres', 33, 31, '0.94', 2, 2019),
('Others (stones, ceramics, etc.)', 210, 15, '0.07', 195, 2019),
('Overall', 7278, 4293, '0.59', 2984, 2019),
('Paper/Cardboard', 1144, 432, '0.38', 712, 2020),
('Ferrous metal', 934, 930, '0.99', 4, 2020),
('Plastics', 868, 36, '0.04', 832, 2020),
('Construction & Demolition (C&D)', 825, 822, '0.99', 3, 2020),
('Food', 665, 126, '0.19', 539, 2020),
('Horticultural', 313, 249, '0.8', 64, 2020),
('Wood', 304, 195, '0.64', 109, 2020),
('Ash & sludge', 228, 16, '0.07', 211, 2020),
('Textile/Leather', 137, 6, '0.04', 131, 2020),
('Used slag', 106, 104, '0.99', 2, 2020),
('Non-ferrous metal', 75, 73, '0.98', 2, 2020),
('Glass ', 66, 7, '0.11', 58, 2020),
('Scrap tyres', 23, 22, '0.95', 1, 2020),
('Others (stones, ceramics, etc.)', 193, 21, '0.11', 173, 2020),
('Overall', 5880, 3040, '0.52', 2841, 2020),
('Paper/Cardboard', 1136, 437, '0.39', 699, 2021),
('Ferrous metal', 1312, 1306, '0.99', 6, 2021),
('Plastics', 982, 58, '0.06', 924, 2021),
('Construction & Demolition (C&D)', 1013, 1011, '0.99', 2, 2021),
('Food', 817, 154, '0.19', 663, 2021),
('Horticultural', 332, 277, '0.83', 55, 2021),
('Wood', 310, 234, '0.76', 76, 2021),
('Ash & sludge', 249, 22, '0.09', 227, 2021),
('Textile/Leather', 189, 7, '0.04', 182, 2021),
('Used slag', 182, 181, '0.99', 1, 2021),
('Non-ferrous metal', 88, 87, '0.98', 1, 2021),
('Glass ', 74, 9, '0.13', 65, 2021),
('Scrap tyres', 27, 26, '0.95', 1, 2021),
('Others (stones, ceramics, etc.)', 233, 18, '0.08', 214, 2021),
('Overall', 6944, 3826, '0.55', 3118, 2021),
('Ferrous metal', 1338, 1331, '0.99', 7, 2022),
('Paper/Cardboard', 1064, 394, '0.37', 671, 2022),
('Construction & Demolition', 1424, 1419, '0.99', 5, 2022),
('Plastics', 1001, 57, '0.06', 944, 2022),
('Food', 813, 146, '0.18', 667, 2022),
('Horticultural', 221, 188, '0.85', 32, 2022),
('Wood', 419, 298, '0.71', 121, 2022),
('Ash & sludge', 241, 27, '0.11', 213, 2022),
('Textile/Leather', 254, 5, '0.02', 249, 2022),
('Used slag', 169, 166, '0.99', 2, 2022),
('Non-ferrous metal', 92, 91, '0.98', 2, 2022),
('Glass', 73, 11, '0.14', 63, 2022),
('Scrap tyres', 26, 25, '0.95', 1, 2022),
('Others (stones, ceramics, etc.)', 249, 30, 'N.A.1', 219, 2022),
('Overall', 7385, 4188, '0.57', 3197, 2022);